{"data_time": 0.006381224500046301, "eta_seconds": 324.50052786900665, "fast_rcnn/cls_accuracy": 0.744140625, "fast_rcnn/false_negative": 0.859375, "fast_rcnn/fg_cls_accuracy": 0.046875, "iteration": 19, "loss_box_reg": 0.8748762011528015, "loss_cls": 1.0546584725379944, "loss_mask": 0.6326994597911835, "loss_rpn_cls": 0.017885632812976837, "loss_rpn_loc": 0.020187397487461567, "lr": 0.00039962, "mask_rcnn/accuracy": 0.9296675701530612, "mask_rcnn/false_negative": 0.007892914985204127, "mask_rcnn/false_positive": 0.17971759256824588, "roi_head/num_bg_samples": 96.0, "roi_head/num_fg_samples": 32.0, "rpn/num_neg_anchors": 216.75, "rpn/num_pos_anchors": 39.25, "time": 1.1548061490000237, "total_loss": 2.62816175352782}
{"data_time": 0.0064223789999573455, "eta_seconds": 305.0503001865109, "fast_rcnn/cls_accuracy": 0.767578125, "fast_rcnn/false_negative": 0.921875, "fast_rcnn/fg_cls_accuracy": 0.0703125, "iteration": 39, "loss_box_reg": 0.822589099407196, "loss_cls": 0.484457790851593, "loss_mask": 0.24917512387037277, "loss_rpn_cls": 0.0034685308346524835, "loss_rpn_loc": 0.018071219325065613, "lr": 0.0007992199999999999, "mask_rcnn/accuracy": 0.9563536352040816, "mask_rcnn/false_negative": 0.006518302011012214, "mask_rcnn/false_positive": 0.10594971752387952, "roi_head/num_bg_samples": 96.0, "roi_head/num_fg_samples": 32.0, "rpn/num_neg_anchors": 219.25, "rpn/num_pos_anchors": 36.75, "time": 1.1710497800000326, "total_loss": 1.6046490794979036}
{"data_time": 0.006193768500054375, "eta_seconds": 281.41860778550983, "fast_rcnn/cls_accuracy": 0.921875, "fast_rcnn/false_negative": 0.1640625, "fast_rcnn/fg_cls_accuracy": 0.7734375, "iteration": 59, "loss_box_reg": 0.4688641130924225, "loss_cls": 0.25961388647556305, "loss_mask": 0.09527206793427467, "loss_rpn_cls": 0.00447447132319212, "loss_rpn_loc": 0.020248757675290108, "lr": 0.00119882, "mask_rcnn/accuracy": 0.9687201052295918, "mask_rcnn/false_negative": 0.020116023378708464, "mask_rcnn/false_positive": 0.05513664071582107, "roi_head/num_bg_samples": 96.0, "roi_head/num_fg_samples": 32.0, "rpn/num_neg_anchors": 218.25, "rpn/num_pos_anchors": 37.75, "time": 1.1662635810000097, "total_loss": 0.8829036972601898}
{"data_time": 0.006190991499977372, "eta_seconds": 258.1692824685037, "fast_rcnn/cls_accuracy": 0.96875, "fast_rcnn/false_negative": 0.0625, "fast_rcnn/fg_cls_accuracy": 0.9375, "iteration": 79, "loss_box_reg": 0.22826401144266129, "loss_cls": 0.09422679245471954, "loss_mask": 0.07300765439867973, "loss_rpn_cls": 0.00040065307985059917, "loss_rpn_loc": 0.01762467622756958, "lr": 0.0015984200000000001, "mask_rcnn/accuracy": 0.9692083864795918, "mask_rcnn/false_negative": 0.025431245450001944, "mask_rcnn/false_positive": 0.03589073120131292, "roi_head/num_bg_samples": 96.0, "roi_head/num_fg_samples": 32.0, "rpn/num_neg_anchors": 221.75, "rpn/num_pos_anchors": 34.25, "time": 1.1725929495000287, "total_loss": 0.4227777853338921}
{"data_time": 0.006549171499955264, "eta_seconds": 234.58657800300278, "fast_rcnn/cls_accuracy": 0.97265625, "fast_rcnn/false_negative": 0.0625, "fast_rcnn/fg_cls_accuracy": 0.9375, "iteration": 99, "loss_box_reg": 0.2032012939453125, "loss_cls": 0.07949647307395935, "loss_mask": 0.06904785335063934, "loss_rpn_cls": 0.0006554586871061474, "loss_rpn_loc": 0.0212168600410223, "lr": 0.00199802, "mask_rcnn/accuracy": 0.9708725286989796, "mask_rcnn/false_negative": 0.023626352880268996, "mask_rcnn/false_positive": 0.03648917138292853, "roi_head/num_bg_samples": 96.0, "roi_head/num_fg_samples": 32.0, "rpn/num_neg_anchors": 218.75, "rpn/num_pos_anchors": 37.25, "time": 1.1349598704999835, "total_loss": 0.37525703795836307}
{"data_time": 0.00586911299996018, "eta_seconds": 211.79277161000033, "fast_rcnn/cls_accuracy": 0.984375, "fast_rcnn/false_negative": 0.03125, "fast_rcnn/fg_cls_accuracy": 0.96875, "iteration": 119, "loss_box_reg": 0.17015504837036133, "loss_cls": 0.06365702673792839, "loss_mask": 0.06528907641768456, "loss_rpn_cls": 0.0006388689216692001, "loss_rpn_loc": 0.016430883668363094, "lr": 0.00239762, "mask_rcnn/accuracy": 0.9731246014030612, "mask_rcnn/false_negative": 0.020732807077826522, "mask_rcnn/false_positive": 0.0376428772797095, "roi_head/num_bg_samples": 96.0, "roi_head/num_fg_samples": 32.0, "rpn/num_neg_anchors": 216.5, "rpn/num_pos_anchors": 39.5, "time": 1.2130422474999705, "total_loss": 0.3228776838805061}
{"data_time": 0.0056845760000214796, "eta_seconds": 188.53901458000524, "fast_rcnn/cls_accuracy": 0.9765625, "fast_rcnn/false_negative": 0.046875, "fast_rcnn/fg_cls_accuracy": 0.953125, "iteration": 139, "loss_box_reg": 0.16793203353881836, "loss_cls": 0.06736770272254944, "loss_mask": 0.06492205709218979, "loss_rpn_cls": 0.0006727019790560007, "loss_rpn_loc": 0.017885918729007244, "lr": 0.0027972200000000004, "mask_rcnn/accuracy": 0.9727359693877551, "mask_rcnn/false_negative": 0.019340202532236284, "mask_rcnn/false_positive": 0.035649720200178175, "roi_head/num_bg_samples": 96.0, "roi_head/num_fg_samples": 32.0, "rpn/num_neg_anchors": 221.0, "rpn/num_pos_anchors": 35.0, "time": 1.1954816054999924, "total_loss": 0.32507038937183097}
{"data_time": 0.006047587500006557, "eta_seconds": 164.8378518390001, "fast_rcnn/cls_accuracy": 0.9765625, "fast_rcnn/false_negative": 0.046875, "fast_rcnn/fg_cls_accuracy": 0.953125, "iteration": 159, "loss_box_reg": 0.1612754762172699, "loss_cls": 0.0623486302793026, "loss_mask": 0.06272566132247448, "loss_rpn_cls": 0.0005818690988235176, "loss_rpn_loc": 0.022793891839683056, "lr": 0.0031968200000000004, "mask_rcnn/accuracy": 0.9740114795918366, "mask_rcnn/false_negative": 0.01975022502091632, "mask_rcnn/false_positive": 0.034306460420009455, "roi_head/num_bg_samples": 96.0, "roi_head/num_fg_samples": 32.0, "rpn/num_neg_anchors": 222.75, "rpn/num_pos_anchors": 33.25, "time": 1.127017465500046, "total_loss": 0.30769268213771284}
{"data_time": 0.006112201500002357, "eta_seconds": 141.4565962590001, "fast_rcnn/cls_accuracy": 0.9765625, "fast_rcnn/false_negative": 0.046875, "fast_rcnn/fg_cls_accuracy": 0.953125, "iteration": 179, "loss_box_reg": 0.15712430328130722, "loss_cls": 0.06337568536400795, "loss_mask": 0.06193498522043228, "loss_rpn_cls": 0.0008295608568005264, "loss_rpn_loc": 0.018158298917114735, "lr": 0.0035964199999999995, "mask_rcnn/accuracy": 0.9735331632653061, "mask_rcnn/false_negative": 0.021608022356524745, "mask_rcnn/false_positive": 0.03532926960588509, "roi_head/num_bg_samples": 96.0, "roi_head/num_fg_samples": 32.0, "rpn/num_neg_anchors": 220.0, "rpn/num_pos_anchors": 36.0, "time": 1.1801354240000137, "total_loss": 0.31022418884094805}
{"data_time": 0.006207977500025663, "eta_seconds": 117.85909442699875, "fast_rcnn/cls_accuracy": 0.9765625, "fast_rcnn/false_negative": 0.046875, "fast_rcnn/fg_cls_accuracy": 0.953125, "iteration": 199, "loss_box_reg": 0.1724621206521988, "loss_cls": 0.06477098539471626, "loss_mask": 0.06206890009343624, "loss_rpn_cls": 0.0007330664666369557, "loss_rpn_loc": 0.016218317672610283, "lr": 0.00399602, "mask_rcnn/accuracy": 0.9737822863520408, "mask_rcnn/false_negative": 0.019120952444871088, "mask_rcnn/false_positive": 0.03659860638209549, "roi_head/num_bg_samples": 96.0, "roi_head/num_fg_samples": 32.0, "rpn/num_neg_anchors": 220.5, "rpn/num_pos_anchors": 35.5, "time": 1.1198283519999563, "total_loss": 0.3215467327099759}
{"data_time": 0.006164663499987455, "eta_seconds": 94.60472338799991, "fast_rcnn/cls_accuracy": 0.98046875, "fast_rcnn/false_negative": 0.03125, "fast_rcnn/fg_cls_accuracy": 0.96875, "iteration": 219, "loss_box_reg": 0.18593091517686844, "loss_cls": 0.06035715155303478, "loss_mask": 0.06172056309878826, "loss_rpn_cls": 0.0008605292823631316, "loss_rpn_loc": 0.01708383858203888, "lr": 0.00439562, "mask_rcnn/accuracy": 0.973503268494898, "mask_rcnn/false_negative": 0.019524738449163095, "mask_rcnn/false_positive": 0.033506106245416487, "roi_head/num_bg_samples": 96.0, "roi_head/num_fg_samples": 32.0, "rpn/num_neg_anchors": 221.5,